invoice_number	invoice_line_number	invoice_date	customer_name	product_name	volume_hl	gross_sales_value	discount_value	currency_code
INV-1050	1	2026-01-02	Spar	Windhoek Lager 440ml NRB	80	9 600	480	ZAR
INV-1064	1	2026-01-02	Shoprite	Savannah 500ml NRB	50	4 830	240	ZAR
INV-1098	1	2026-01-02	Pick n Pay	Heineken Lager 330ml	60	6 100	305	ZAR
INV-1001	1	2026-01-03	Pick n Pay	Heineken 330ml NRB	100	10 000	500	ZAR
INV-1001	2	2026-01-03	Pick n Pay	Amstel Lager 330ml NRB	80	7 600	380	ZAR
INV-1034	1	2026-01-03	Spar	Heineken 650ml Returnable	130	15 600	780	ZAR
INV-1088	1	2026-01-04	Pick n Pay	Heineken Lager 330ml	120	12 200	610	ZAR
INV-1002	1	2026-01-05	Shoprite	Heineken Lager 330ml	120	12 200	610	ZAR
INV-1003	1	2026-01-07	Checkers	Windhoek Lager 440ml NRB	70	8 400	420	ZAR
INV-1020	1	2026-01-07	Checkers	Windhoek Lager 440ml NRB	160	19 200	960	ZAR
INV-1052	1	2026-01-07	Spar	Savannah 500ml NRB	60	5 800	290	ZAR
INV-1056	1	2026-01-08	Spar	Heineken 330ml NRB	60	6 000	300	ZAR
INV-1080	1	2026-01-08	Spar	Heineken Lager 330ml	90	9 150	460	ZAR
INV-1096	1	2026-01-08	Spar	Windhoek Lager 440ml NRB	190	22 800	1 140	ZAR
INV-1018	1	2026-01-09	Makro	Heineken 330ml NRB	160	16 000	800	ZAR
INV-1046	1	2026-01-09	Pick n Pay	Heineken Lager 330ml NRB	200	20 360	1 020	ZAR
INV-1004	1	2026-01-10	Shoprite	Heineken 650ml Returnable	150	18 000	900	ZAR
INV-1032	1	2026-01-10	Spar	Windhoek Lager 440ml NRB	140	16 800	840	ZAR
INV-1005	1	2026-01-12	Pick n Pay	Heineken 0.0 330ml NRB	60	6 900	345	ZAR
INV-1010	1	2026-01-12	Checkers	Heineken 0.0 330ml NRB	60	6 900	345	ZAR
INV-1010	2	2026-01-12	Checkers	Windhoek Lager 440ml NRB	70	8 400	420	ZAR
INV-1094	1	2026-01-13	Spar	Heineken Lager 330ml	70	7 120	355	ZAR
INV-1006	1	2026-01-15	Spar	Amstel Lager 330ml NRB	95	9 300	465	ZAR
INV-1012	1	2026-01-15	Checkers	Windhoek Lager 440ml NRB	190	22 800	1 140	ZAR
INV-1054	1	2026-01-15	Shoprite	Savannah 500ml NRB	130	12 570	630	ZAR
INV-1074	1	2026-01-15	Spar	Heineken 0.0 330ml NRB	190	21 850	1 095	ZAR
INV-1084	1	2026-01-15	Shoprite	Savannah 500ml NRB	150	14 500	725	ZAR
INV-1090	1	2026-01-15	Spar	Heineken 650ml Returnable	100	12 000	600	ZAR
INV-1016	1	2026-01-17	Pick n Pay	Heineken Lager 330ml	170	17 280	865	ZAR
INV-1082	1	2026-01-17	Spar	Heineken Lager 330ml NRB	150	15 270	765	ZAR
INV-1092	1	2026-01-17	Pick n Pay	Amstel Lager 330ml NRB	120	11 400	570	ZAR
INV-1042	1	2026-01-18	Pick n Pay	Heineken Lager 330ml	140	14 230	710	ZAR
INV-1068	1	2026-01-18	Pick n Pay	Savannah 500ml NRB	160	15 470	775	ZAR
INV-1072	1	2026-01-19	Makro	Amstel Lager 330ml NRB	180	17 100	855	ZAR
INV-1040	1	2026-01-20	Shoprite	Heineken 0.0 330ml NRB	60	6 900	345	ZAR
INV-1024	1	2026-01-21	Checkers	Heineken 330ml NRB	60	6 000	300	ZAR
INV-1048	1	2026-01-21	Spar	Windhoek Lager 440ml NRB	170	20 400	1 020	ZAR
INV-1058	1	2026-01-22	Shoprite	Heineken 330ml NRB	60	6 000	300	ZAR
INV-1070	1	2026-01-22	Checkers	Heineken 0.0 330ml NRB	100	11 500	575	ZAR
INV-1044	1	2026-01-23	Makro	Heineken 330ml NRB	180	18 000	900	ZAR
INV-1086	1	2026-01-23	Spar	Windhoek Lager 440ml NRB	140	16 800	840	ZAR
INV-1078	1	2026-01-24	Shoprite	Windhoek Lager 440ml NRB	200	24 000	1 200	ZAR
INV-1026	1	2026-01-25	Spar	Heineken Lager 330ml NRB	80	8 150	410	ZAR
INV-1014	1	2026-01-26	Checkers	Heineken 0.0 330ml NRB	120	13 800	690	ZAR
INV-1022	1	2026-01-26	Makro	Heineken 0.0 330ml NRB	100	11 500	575	ZAR
INV-1038	1	2026-01-27	Shoprite	Heineken 650ml Returnable	110	13 200	660	ZAR
INV-1060	1	2026-01-28	Pick n Pay	Amstel Lager 330ml NRB	190	18 050	905	ZAR
INV-1066	1	2026-01-29	Checkers	Heineken 650ml Returnable	180	21 600	1 080	ZAR
INV-1076	1	2026-01-29	Shoprite	Amstel Lager 330ml NRB	80	7 600	380	ZAR
INV-1028	1	2026-01-31	Shoprite	Savannah 500ml NRB	130	12 570	630	ZAR
INV-1028	2	2026-01-31	Shoprite	Windhoek Lager 440ml NRB	110	13 200	660	ZAR
INV-1062	1	2026-01-31	Spar	Heineken Lager 330ml NRB	140	14 250	715	ZAR
INV-1023	1	2026-02-01	Makro	Savannah 500ml NRB	190	18 370	920	ZAR
INV-1081	1	2026-02-01	Spar	Amstel Lager 330ml NRB	100	9 500	475	ZAR
INV-1007	1	2026-02-02	Shoprite	Heineken Lager 330ml NRB	110	11 200	560	ZAR
INV-1033	1	2026-02-03	Spar	Heineken Lager 330ml NRB	70	7 130	355	ZAR
INV-1057	1	2026-02-03	Spar	Heineken 330ml NRB	100	10 000	500	ZAR
INV-1008	1	2026-02-04	Pick n Pay	Savannah 500ml NRB	90	8 700	435	ZAR
INV-1011	1	2026-02-04	Spar	Heineken 330ml NRB	150	15 000	750	ZAR
INV-1063	1	2026-02-04	Pick n Pay	Amstel Lager 330ml NRB	200	19 000	950	ZAR
INV-1065	1	2026-02-04	Pick n Pay	Amstel Lager 330ml NRB	190	18 050	905	ZAR
INV-1031	1	2026-02-06	Pick n Pay	Heineken Lager 330ml	70	7 120	355	ZAR
INV-1077	1	2026-02-06	Spar	Heineken 650ml Returnable	60	7 200	360	ZAR
INV-1021	1	2026-02-07	Makro	Heineken Lager 330ml	170	17 280	865	ZAR
INV-1083	1	2026-02-07	Makro	Heineken Lager 330ml	70	7 120	355	ZAR
INV-1087	1	2026-02-07	Spar	Heineken 650ml Returnable	60	7 200	360	ZAR
INV-1091	1	2026-02-08	Makro	Heineken 650ml Returnable	140	16 800	840	ZAR
INV-1091	2	2026-02-08	Makro	Savannah 500ml NRB	130	12 570	630	ZAR
INV-1093	1	2026-02-08	Spar	Heineken 0.0 330ml NRB	140	16 100	805	ZAR
INV-1039	1	2026-02-09	Checkers	Heineken 0.0 330ml NRB	160	18 400	920	ZAR
INV-1055	1	2026-02-09	Spar	Heineken Lager 330ml	190	19 320	965	ZAR
INV-1079	1	2026-02-11	Spar	Heineken Lager 330ml	110	11 180	560	ZAR
INV-1061	1	2026-02-13	Checkers	Heineken 0.0 330ml NRB	140	16 100	805	ZAR
INV-1085	1	2026-02-13	Spar	Heineken 330ml NRB	170	17 000	850	ZAR
INV-1095	1	2026-02-13	Pick n Pay	Savannah 500ml NRB	120	11 600	580	ZAR
INV-1099	1	2026-02-13	Spar	Heineken Lager 330ml NRB	120	12 220	610	ZAR
INV-1029	1	2026-02-14	Shoprite	Amstel Lager 330ml NRB	70	6 650	335	ZAR
INV-1073	1	2026-02-14	Pick n Pay	Windhoek Lager 440ml NRB	100	12 000	600	ZAR
INV-1027	1	2026-02-15	Makro	Heineken Lager 330ml	90	9 150	460	ZAR
INV-1037	1	2026-02-16	Shoprite	Heineken Lager 330ml	80	8 130	405	ZAR
INV-1049	1	2026-02-16	Makro	Heineken 330ml NRB	160	16 000	800	ZAR
INV-1015	1	2026-02-19	Spar	Heineken Lager 330ml	140	14 230	710	ZAR
INV-1019	1	2026-02-19	Shoprite	Heineken Lager 330ml NRB	130	13 240	660	ZAR
INV-1035	1	2026-02-19	Checkers	Heineken 330ml NRB	100	10 000	500	ZAR
INV-1035	2	2026-02-19	Checkers	Heineken 330ml NRB	200	20 000	1 000	ZAR
INV-1035	3	2026-02-19	Checkers	Heineken Lager 330ml	140	14 230	710	ZAR
INV-1059	1	2026-02-20	Makro	Savannah 500ml NRB	100	9 670	485	ZAR
INV-1067	1	2026-02-20	Shoprite	Heineken Lager 330ml	50	5 080	255	ZAR
INV-1097	1	2026-02-20	Makro	Windhoek Lager 440ml NRB	140	16 800	840	ZAR
INV-1017	1	2026-02-21	Spar	Heineken Lager 330ml	200	20 330	1 015	ZAR
INV-1043	1	2026-02-21	Spar	Amstel Lager 330ml NRB	130	12 350	620	ZAR
INV-1075	1	2026-02-21	Checkers	Savannah 500ml NRB	180	17 400	870	ZAR
INV-1041	1	2026-02-22	Checkers	Amstel Lager 330ml NRB	130	12 350	620	ZAR
INV-1069	1	2026-02-22	Makro	Heineken Lager 330ml	170	17 280	865	ZAR
INV-1089	1	2026-02-22	Makro	Savannah 500ml NRB	60	5 800	290	ZAR
INV-1051	1	2026-02-23	Spar	Heineken 650ml Returnable	130	15 600	780	ZAR
INV-1045	1	2026-02-24	Shoprite	Heineken Lager 330ml	190	19 320	965	ZAR
INV-1071	1	2026-02-25	Pick n Pay	Heineken Lager 330ml	60	6 100	305	ZAR
INV-1025	1	2026-02-26	Shoprite	Amstel Lager 330ml NRB	110	10 450	525	ZAR
INV-1047	1	2026-02-27	Pick n Pay	Savannah 500ml NRB	60	5 800	290	ZAR